id,organization_id,service_id,service_at_location_id,name,title,department,email
eabbdbcc-5613-4ef9-a33b-b870f36b743d,1899600a-649c-11e6-8b77-86f30ca893d3,c89eb05c-62dd-4b64-b494-0cc347b6ea7f,d254626c-6858-46ad-850a-6e1c53ea463a,Nixie Charville,Web Developer III,Accounting,ncharville0@hc360.com
e887dde4-ce76-4a44-8057-c43bf303a332,18996320-649c-11e6-8b77-86f30ca893d3,25870bcf-7528-4e05-8f0c-7e639075ce71,a6e824f6-aac4-4472-ae24-a27c0253ede3,Betsy Barus,Programmer Analyst III,Product Management,bbarus1@plala.or.jp
1ffafc60-5b50-4b86-9231-5a698413b96b,1899673a-649c-11e6-8b77-86f30ca893d3,10cbc6ce-0ae5-467f-8069-18e90ec5b037,6b524072-5768-4a92-b0fd-fa87a77311b2,Dorisa Samet,Human Resources Assistant III,Research and Development,dsamet2@cbslocal.com
78cafcf2-23c8-4323-ba24-6bdfeea96513,1899673a-649c-11e6-8b77-86f30ca893d3,a27a0710-72d2-41a2-8947-9d0e0e69e257,e7361647-5350-4d6a-aecb-504f9c4a8577,Gerrie McGinty,Web Designer IV,Business Development,gmcginty3@cisco.com
4a318a8e-b65e-4da3-800b-3d1e92407a95,1899683e-649c-11e6-8b77-86f30ca893d3,c28f4d9f-10b2-4baf-a727-a31ae79063ce,dad28eee-00f9-4dac-b891-d7ba85035928,Heloise Cullrford,Payment Adjustment Coordinator,Human Resources,hcullrford4@discuz.net
038d4c04-8f9c-4c0c-8a1a-dac55921966c,1899691a-649c-11e6-8b77-86f30ca893d3,373c9b87-8606-49c7-8082-02120ddc04e4,0e071442-ad00-422c-ad6c-ef9d24a2d1da,Godfry Rubinek,Quality Control Specialist,Product Management,grubinek5@spotify.com
5aa8fe64-2902-433a-8196-62f9037e7a38,189969f6-649c-11e6-8b77-86f30ca893d3,2fcd70db-add2-43b5-ba3b-98f82c3c3147,1c183dc2-8548-44da-bd73-c36294ff54e2,Katee Jaggard,Executive Secretary,Legal,kjaggard6@cbsnews.com
c6737517-38c8-4947-854a-c700554b1b89,18996ac8-649c-11e6-8b77-86f30ca893d3,25f6e86d-ba99-4819-b6f4-2f23dbe38806,4f78169d-dc61-4dc3-a335-d7de00b7e646,Shurwood Ternent,Social Worker,Business Development,sternent7@prweb.com
c0aef85d-0549-4a0b-ba66-09bdb391459f,18996b9a-649c-11e6-8b77-86f30ca893d3,9619ea6e-baa8-4b9a-9665-ca2a07cdd7b6,97e58efe-1fef-428c-a6bc-eecfcf083f44,Goober Murrish,Programmer Analyst III,Sales,gmurrish8@behance.net
795dfe8a-d7b6-4ede-af18-a09198a3da8f,18996c62-649c-11e6-8b77-86f30ca893d3,756b5a9d-7d65-4063-b5f2-d08ccf01c55e,8d440213-9e82-449f-85fa-44afaf1b0134,Lyn Morena,Nurse Practicioner,Engineering,lmorena9@nifty.com